episode,reward,x_tracking_error,y_tracking_error,velocity_jitter,jerk_rms
0,-34.74893569946289,23.710674285888672,51.7901496887207,0.0705881342291832,1.748471736907959
1,-34.80063247680664,23.66301918029785,50.97340393066406,0.07090594619512558,1.7232695817947388
